country,year_sampled,population,safely_managed,free_from_contamination
Afghanistan,2000,   20 780,11,9
Afghanistan,2001,   21 607,11,9
Afghanistan,2002,   22 601,12,10
Afghanistan,2003,   23 681,13,11
Afghanistan,2004,   24 727,13,11
Afghanistan,2005,   25 654,14,12
Afghanistan,2006,   26 433,15,13
Afghanistan,2007,   27 101,16,14
Afghanistan,2008,   27 722,17,15
Afghanistan,2009,   28 395,18,15
Afghanistan,2010,   29 186,19,16
Afghanistan,2011,   30 117,20,17
Afghanistan,2012,   31 161,21,18
Afghanistan,2013,   32 270,22,19
Afghanistan,2014,   33 371,23,20
Afghanistan,2015,   34 414,23,20
Afghanistan,2016,   35 383,24,21
Afghanistan,2017,   36 296,25,22
Afghanistan,2018,   37 172,26,23
Afghanistan,2019,   38 042,27,24
Afghanistan,2020,   38 928,28,24
Algeria,2000,   31 042,70,69
Algeria,2001,   31 452,71,69
Algeria,2002,   31 855,71,70
Algeria,2003,   32 264,72,70
Algeria,2004,   32 692,72,70
Algeria,2005,   33 150,73,70
Algeria,2006,   33 641,73,71
Algeria,2007,   34 167,74,71
Algeria,2008,   34 731,74,71
Algeria,2009,   35 334,75,72
Algeria,2010,   35 977,75,72
Algeria,2011,   36 661,75,72
Algeria,2012,   37 384,76,72
Algeria,2013,   38 140,76,73
Algeria,2014,   38 924,76,73
Algeria,2015,   39 728,76,73
Algeria,2016,   40 551,75,73
Algeria,2017,   41 389,75,74
Algeria,2018,   42 228,74,74
Algeria,2019,   43 053,73,74
Algeria,2020,   43 851,72,75
Armenia,2000,    3 070,80,-
Armenia,2001,    3 051,80,-
Armenia,2002,    3 034,80,-
Armenia,2003,    3 018,80,-
Armenia,2004,    3 001,80,-
Armenia,2005,    2 981,81,-
Armenia,2006,    2 958,81,-
Armenia,2007,    2 933,81,-
Armenia,2008,    2 908,81,-
Armenia,2009,    2 888,81,-
Armenia,2010,    2 877,81,-
Armenia,2011,    2 877,82,-
Armenia,2012,    2 884,82,-
Armenia,2013,    2 898,83,-
Armenia,2014,    2 912,84,-
Armenia,2015,    2 926,84,-
Armenia,2016,    2 936,85,-
Armenia,2017,    2 945,85,-
Armenia,2018,    2 952,86,-
Armenia,2019,    2 958,86,-
Armenia,2020,    2 963,87,-
Azerbaijan,2000,    8 123,58,61
Azerbaijan,2001,    8 197,60,62
Azerbaijan,2002,    8 277,61,64
Azerbaijan,2003,    8 361,63,65
Azerbaijan,2004,    8 449,65,66
Azerbaijan,2005,    8 539,67,68
Azerbaijan,2006,    8 630,69,69
Azerbaijan,2007,    8 724,71,70
Azerbaijan,2008,    8 822,73,72
Azerbaijan,2009,    8 924,75,73
Azerbaijan,2010,    9 032,77,74
Azerbaijan,2011,    9 146,79,75
Azerbaijan,2012,    9 265,80,77
Azerbaijan,2013,    9 385,82,78
Azerbaijan,2014,    9 506,83,79
Azerbaijan,2015,    9 623,85,81
Azerbaijan,2016,    9 736,86,82
Bangladesh,2000,  127 658,55,59
Bangladesh,2001,  130 089,55,59
Bangladesh,2002,  132 478,55,60
Bangladesh,2003,  134 792,55,60
Bangladesh,2004,  136 986,55,60
Bangladesh,2005,  139 036,55,60
Bangladesh,2006,  140 921,55,60
Bangladesh,2007,  142 660,55,60
Bangladesh,2008,  144 304,55,60
Bangladesh,2009,  145 925,55,60
Bangladesh,2010,  147 575,55,60
Bangladesh,2011,  149 273,55,61
Bangladesh,2012,  151 006,55,61
Bangladesh,2013,  152 761,56,61
Bangladesh,2014,  154 517,56,61
Bangladesh,2015,  156 256,56,61
Bangladesh,2016,  157 977,57,61
Bangladesh,2017,  159 685,57,62
Bangladesh,2018,  161 377,58,62
Bangladesh,2019,  163 046,58,62
Bangladesh,2020,  164 689,59,62
Bhutan,2000,      591,29,22
Bhutan,2001,      604,29,22
Bhutan,2002,      616,30,23
Bhutan,2003,      628,30,23
Bhutan,2004,      639,31,23
Bhutan,2005,      649,31,24
Bhutan,2006,      657,32,24
Bhutan,2007,      665,32,24
Bhutan,2008,      672,33,25
Bhutan,2009,      678,33,25
Bhutan,2010,      686,34,25
Bhutan,2011,      693,34,26
Bhutan,2012,      702,34,26
Bhutan,2013,      710,35,26
Bhutan,2014,      719,35,27
Bhutan,2015,      728,36,27
Bhutan,2016,      737,36,27
Bhutan,2017,      746,36,28
Bhutan,2018,      754,36,28
Bhutan,2019,      763,36,28
Bhutan,2020,      772,37,28
Brazil,2000,  174 790,76,49
Brazil,2001,  177 196,77,50
Brazil,2002,  179 538,77,51
Brazil,2003,  181 809,77,52
Brazil,2004,  184 006,78,52
Brazil,2005,  186 127,78,53
Brazil,2006,  188 167,78,54
Brazil,2007,  190 130,78,54
Brazil,2008,  192 030,79,55
Brazil,2009,  193 887,79,56
Brazil,2010,  195 714,79,56
Brazil,2011,  197 515,79,57
Brazil,2012,  199 287,80,58
Brazil,2013,  201 036,80,59
Brazil,2014,  202 764,81,61
Brazil,2015,  204 472,82,63
Brazil,2016,  206 163,83,64
Brazil,2017,  207 834,84,66
Brazil,2018,  209 469,84,68
Brazil,2019,  211 050,85,70
Brazil,2020,  212 559,86,72
Bulgaria,2000,    7 998,90,-
Cambodia,2000,   12 155,17,11
Cambodia,2001,   12 405,17,11
Cambodia,2002,   12 638,18,11
Cambodia,2003,   12 856,18,12
Cambodia,2004,   13 066,19,12
Cambodia,2005,   13 273,19,13
Cambodia,2006,   13 478,20,13
Cambodia,2007,   13 680,20,13
Cambodia,2008,   13 884,21,14
Cambodia,2009,   14 094,21,14
Cambodia,2010,   14 312,22,15
Cambodia,2011,   14 541,23,15
Cambodia,2012,   14 780,23,15
Cambodia,2013,   15 026,24,16
Cambodia,2014,   15 275,24,16
Cambodia,2015,   15 521,25,16
Cambodia,2016,   15 766,25,17
Cambodia,2017,   16 009,26,17
Cambodia,2018,   16 250,27,18
Cambodia,2019,   16 487,27,18
Cambodia,2020,   16 719,28,18
Central African Republic,2000,    3 640,9,25
Central African Republic,2001,    3 722,8,25
Central African Republic,2002,    3 802,8,25
Central African Republic,2003,    3 881,8,24
Central African Republic,2004,    3 960,8,24
Central African Republic,2005,    4 038,8,24
Central African Republic,2006,    4 118,8,24
Central African Republic,2007,    4 198,8,24
Central African Republic,2008,    4 273,7,24
Central African Republic,2009,    4 338,7,23
Central African Republic,2010,    4 387,7,23
Central African Republic,2011,    4 419,7,23
Central African Republic,2012,    4 436,7,23
Central African Republic,2013,    4 448,7,23
Central African Republic,2014,    4 464,7,23
Central African Republic,2015,    4 493,7,23
Central African Republic,2016,    4 538,7,22
Central African Republic,2017,    4 596,6,22
Central African Republic,2018,    4 666,6,22
Central African Republic,2019,    4 745,6,22
Central African Republic,2020,    4 830,6,22
Chad,2000,    8 356,6,9
Chad,2001,    8 678,6,9
Chad,2002,    9 019,6,9
Chad,2003,    9 374,6,10
Chad,2004,    9 735,6,10
Chad,2005,   10 097,6,10
Chad,2006,   10 457,6,10
Chad,2007,   10 818,6,10
Chad,2008,   11 184,6,10
Chad,2009,   11 560,6,10
Chad,2010,   11 952,6,10
Chad,2011,   12 361,6,10
Chad,2012,   12 785,6,11
Chad,2013,   13 220,6,11
Chad,2014,   13 664,6,11
Chad,2015,   14 111,6,11
Chad,2016,   14 562,6,11
Chad,2017,   15 017,6,11
Chad,2018,   15 478,6,11
Chad,2019,   15 947,6,11
Chad,2020,   16 426,6,11
Colombia,2000,   39 630,69,34
Colombia,2001,   40 256,69,34
Colombia,2002,   40 875,70,34
Colombia,2003,   41 484,70,35
Colombia,2004,   42 076,70,35
Colombia,2005,   42 648,71,35
Colombia,2006,   43 201,71,36
Colombia,2007,   43 738,71,36
Colombia,2008,   44 255,71,36
Colombia,2009,   44 750,71,37
Colombia,2010,   45 223,72,37
Colombia,2011,   45 663,72,37
Colombia,2012,   46 076,72,38
Colombia,2013,   46 495,72,38
Colombia,2014,   46 968,72,38
Colombia,2015,   47 521,72,39
Colombia,2016,   48 175,73,39
Colombia,2017,   48 910,73,39
Colombia,2018,   49 661,73,40
Colombia,2019,   50 339,73,40
Colombia,2020,   50 883,73,40
Congo,2000,    3 127,27,10
Congo,2001,    3 218,28,10
Congo,2002,    3 310,28,10
Congo,2003,    3 407,28,10
Congo,2004,    3 510,30,11
Congo,2005,    3 623,31,11
Congo,2006,    3 745,33,12
Congo,2007,    3 876,35,13
Congo,2008,    4 011,36,14
Congo,2009,    4 145,38,15
Congo,2010,    4 274,40,15
Congo,2011,    4 395,41,16
Congo,2012,    4 510,42,17
Congo,2013,    4 623,43,18
Congo,2014,    4 737,44,18
Congo,2015,    4 856,44,19
Congo,2016,    4 981,45,20
Congo,2017,    5 111,45,21
Congo,2018,    5 244,46,21
Congo,2019,    5 381,46,21
Congo,2020,    5 518,46,21
Costa Rica,2000,    3 962,76,74
Costa Rica,2001,    4 034,77,75
Costa Rica,2002,    4 101,77,75
Costa Rica,2003,    4 164,77,76
Costa Rica,2004,    4 225,78,77
Costa Rica,2005,    4 286,78,77
Costa Rica,2006,    4 345,78,78
Côte d'Ivoire,2000,   16 455,34,27
Côte d'Ivoire,2001,   16 853,34,27
Côte d'Ivoire,2002,   17 232,34,27
Côte d'Ivoire,2003,   17 600,34,27
Côte d'Ivoire,2004,   17 970,34,27
Côte d'Ivoire,2005,   18 355,34,27
Côte d'Ivoire,2006,   18 755,34,27
Côte d'Ivoire,2007,   19 171,35,27
Côte d'Ivoire,2008,   19 606,35,27
Côte d'Ivoire,2009,   20 059,35,27
Côte d'Ivoire,2010,   20 533,35,27
Côte d'Ivoire,2011,   21 029,35,27
Côte d'Ivoire,2012,   21 547,35,27
Côte d'Ivoire,2013,   22 088,35,27
Côte d'Ivoire,2014,   22 648,35,27
Côte d'Ivoire,2015,   23 226,35,27
Côte d'Ivoire,2016,   23 823,35,27
Côte d'Ivoire,2017,   24 437,35,27
Côte d'Ivoire,2018,   25 069,35,27
Côte d'Ivoire,2019,   25 717,35,27
Côte d'Ivoire,2020,   26 378,35,27
Croatia,2000,    4 428,82,68
Croatia,2001,    4 408,82,68
Croatia,2002,    4 396,82,68
Croatia,2003,    4 389,82,68
Croatia,2004,    4 384,82,68
Croatia,2005,    4 378,82,68
Croatia,2006,    4 371,82,68
Croatia,2007,    4 362,82,68
Democratic People's Republic of Korea,2000,   22 929,69,55
Democratic People's Republic of Korea,2001,   23 133,69,55
Democratic People's Republic of Korea,2002,   23 339,69,55
Democratic People's Republic of Korea,2003,   23 542,69,55
Democratic People's Republic of Korea,2004,   23 733,69,55
Democratic People's Republic of Korea,2005,   23 904,69,54
Democratic People's Republic of Korea,2006,   24 055,69,54
Democratic People's Republic of Korea,2007,   24 188,68,54
Democratic People's Republic of Korea,2008,   24 310,68,53
Democratic People's Republic of Korea,2009,   24 428,68,53
Democratic People's Republic of Korea,2010,   24 549,68,52
Democratic People's Republic of Korea,2011,   24 673,68,52
Democratic People's Republic of Korea,2012,   24 801,67,52
Democratic People's Republic of Korea,2013,   24 930,67,51
Democratic People's Republic of Korea,2014,   25 058,67,51
Democratic People's Republic of Korea,2015,   25 184,67,50
Democratic People's Republic of Korea,2016,   25 308,67,50
Democratic People's Republic of Korea,2017,   25 430,67,50
Democratic People's Republic of Korea,2018,   25 550,66,49
Democratic People's Republic of Korea,2019,   25 666,66,49
Democratic People's Republic of Korea,2020,   25 779,66,49
Democratic Republic of the Congo,2000,   47 106,10,18
Democratic Republic of the Congo,2001,   48 429,10,18
Democratic Republic of the Congo,2002,   49 872,11,19
Democratic Republic of the Congo,2003,   51 426,11,19
Democratic Republic of the Congo,2004,   53 069,11,19
Democratic Republic of the Congo,2005,   54 786,12,20
Democratic Republic of the Congo,2006,   56 578,12,20
Democratic Republic of the Congo,2007,   58 454,13,20
Democratic Republic of the Congo,2008,   60 411,13,21
Democratic Republic of the Congo,2009,   62 449,13,21
Democratic Republic of the Congo,2010,   64 564,14,22
Democratic Republic of the Congo,2011,   66 755,14,22
Democratic Republic of the Congo,2012,   69 021,15,22
Democratic Republic of the Congo,2013,   71 359,15,23
Democratic Republic of the Congo,2014,   73 767,16,23
Democratic Republic of the Congo,2015,   76 245,16,23
Democratic Republic of the Congo,2016,   78 789,17,24
Democratic Republic of the Congo,2017,   81 399,17,24
Democratic Republic of the Congo,2018,   84 068,18,25
Democratic Republic of the Congo,2019,   86 791,18,25
Democratic Republic of the Congo,2020,   89 561,19,25
Ecuador,2000,   12 681,58,43
Ecuador,2001,   12 915,59,43
Ecuador,2002,   13 143,59,44
Ecuador,2003,   13 370,60,44
Ecuador,2004,   13 596,60,45
Ecuador,2005,   13 826,61,45
Ecuador,2006,   14 059,61,46
Ecuador,2007,   14 297,62,46
Ecuador,2008,   14 536,62,47
Ecuador,2009,   14 774,63,47
Ecuador,2010,   15 011,63,48
Ecuador,2011,   15 244,64,48
Ecuador,2012,   15 474,64,49
Ecuador,2013,   15 707,64,49
Ecuador,2014,   15 952,65,50
Ecuador,2015,   16 212,65,50
Ecuador,2016,   16 491,66,51
Ecuador,2017,   16 785,66,51
Ecuador,2018,   17 084,66,52
Ecuador,2019,   17 374,67,52
Ecuador,2020,   17 643,67,53
Ethiopia,2000,   66 225,5,2
Ethiopia,2001,   68 159,5,2
Ethiopia,2002,   70 142,6,2
Ethiopia,2003,   72 171,6,3
Ethiopia,2004,   74 240,6,3
Ethiopia,2005,   76 346,6,3
Ethiopia,2006,   78 489,6,4
Ethiopia,2007,   80 674,7,4
Ethiopia,2008,   82 916,7,5
Ethiopia,2009,   85 234,7,5
Ethiopia,2010,   87 640,8,5
Ethiopia,2011,   90 140,8,6
Ethiopia,2012,   92 727,9,6
Ethiopia,2013,   95 386,9,6
Ethiopia,2014,   98 094,9,7
Ethiopia,2015,  100 835,10,7
Ethiopia,2016,  103 603,10,7
Ethiopia,2017,  106 400,11,8
Ethiopia,2018,  109 224,11,8
Ethiopia,2019,  112 079,12,8
Ethiopia,2020,  114 964,13,9
French Polynesia,2013,      270,89,-
French Polynesia,2014,      272,89,-
French Polynesia,2015,      273,88,-
French Polynesia,2016,      275,87,-
French Polynesia,2017,      276,86,-
French Polynesia,2018,      278,85,-
French Polynesia,2019,      279,85,-
French Polynesia,2020,      281,84,-
Gambia,2000,    1 318,23,30
Gambia,2001,    1 360,25,30
Gambia,2002,    1 404,26,30
Gambia,2003,    1 450,27,31
Gambia,2004,    1 497,28,31
Gambia,2005,    1 544,29,31
Gambia,2006,    1 591,30,31
Gambia,2007,    1 640,31,31
Gambia,2008,    1 689,32,31
Gambia,2009,    1 740,33,32
Gambia,2010,    1 793,34,32
Gambia,2011,    1 848,35,32
Gambia,2012,    1 905,36,32
Gambia,2013,    1 964,37,32
Gambia,2014,    2 024,38,32
Gambia,2015,    2 086,39,33
Gambia,2016,    2 149,40,33
Gambia,2017,    2 214,42,33
Gambia,2018,    2 280,43,33
Gambia,2019,    2 348,44,33
Gambia,2020,    2 417,45,33
Georgia,2000,    4 362,62,38
Georgia,2001,    4 297,62,39
Georgia,2002,    4 259,62,39
Georgia,2003,    4 239,63,39
Georgia,2004,    4 226,63,39
Georgia,2005,    4 210,63,39
Georgia,2006,    4 190,63,39
Georgia,2007,    4 167,63,39
Georgia,2008,    4 143,64,39
Georgia,2009,    4 119,64,39
Georgia,2010,    4 099,64,39
Georgia,2011,    4 081,64,39
Georgia,2012,    4 064,65,40
Georgia,2013,    4 049,65,40
Georgia,2014,    4 035,65,40
Georgia,2015,    4 024,65,40
Georgia,2016,    4 015,65,40
Georgia,2017,    4 009,66,40
Georgia,2018,    4 003,66,40
Georgia,2019,    3 997,66,40
Georgia,2020,    3 989,66,40
Ghana,2000,   19 279,13,34
Ghana,2001,   19 757,14,35
Ghana,2002,   20 246,15,36
Ghana,2003,   20 750,16,36
Ghana,2004,   21 272,17,37
Ghana,2005,   21 815,18,38
Ghana,2006,   22 379,20,38
Ghana,2007,   22 964,21,39
Ghana,2008,   23 564,22,39
Ghana,2009,   24 171,24,40
Ghana,2010,   24 780,25,41
Ghana,2011,   25 388,27,41
Ghana,2012,   25 996,28,42
Ghana,2013,   26 608,30,42
Ghana,2014,   27 224,31,43
Ghana,2015,   27 849,33,43
Ghana,2016,   28 482,35,43
Ghana,2017,   29 121,36,44
Ghana,2018,   29 767,38,44
Ghana,2019,   30 418,40,45
Ghana,2020,   31 073,41,45
Grenada,2000,      103,79,-
Grenada,2001,      103,80,-
Grenada,2002,      104,81,-
Grenada,2003,      104,81,-
Grenada,2004,      104,82,-
Grenada,2005,      105,83,-
Grenada,2006,      105,84,-
Grenada,2007,      105,85,-
Grenada,2008,      105,86,-
Grenada,2009,      106,87,-
Grenada,2010,      106,87,-
Grenada,2011,      107,87,-
Grenada,2012,      107,87,-
Grenada,2013,      108,87,-
Grenada,2014,      109,87,-
Grenada,2015,      110,87,-
Grenada,2016,      110,87,-
Grenada,2017,      111,87,-
Guatemala,2000,   11 651,47,39
Guatemala,2001,   11 925,47,40
Guatemala,2002,   12 209,48,40
Guatemala,2003,   12 500,48,40
Guatemala,2004,   12 797,49,41
Guatemala,2005,   13 096,49,41
Guatemala,2006,   13 397,50,41
Guatemala,2007,   13 700,50,42
Guatemala,2008,   14 006,51,42
Guatemala,2009,   14 316,51,42
Guatemala,2010,   14 630,52,42
Guatemala,2011,   14 949,52,43
Guatemala,2012,   15 271,53,43
Guatemala,2013,   15 596,53,43
Guatemala,2014,   15 923,54,44
Guatemala,2015,   16 252,54,44
Guatemala,2016,   16 583,55,44
Guatemala,2017,   16 915,55,45
Guatemala,2018,   17 248,55,45
Guatemala,2019,   17 581,56,45
Guatemala,2020,   17 916,56,46
Guinea-Bissau,2000,    1 201,18,26
Guinea-Bissau,2001,    1 227,18,26
Guinea-Bissau,2002,    1 254,18,27
Guinea-Bissau,2003,    1 283,19,27
Guinea-Bissau,2004,    1 313,19,27
Guinea-Bissau,2005,    1 345,19,28
Guinea-Bissau,2006,    1 378,20,28
Guinea-Bissau,2007,    1 412,20,29
Guinea-Bissau,2008,    1 447,20,29
Guinea-Bissau,2009,    1 484,21,29
Guinea-Bissau,2010,    1 523,21,30
Guinea-Bissau,2011,    1 563,21,30
Guinea-Bissau,2012,    1 605,22,30
Guinea-Bissau,2013,    1 648,22,31
Guinea-Bissau,2014,    1 692,22,31
Guinea-Bissau,2015,    1 737,23,31
Guinea-Bissau,2016,    1 782,23,32
Guinea-Bissau,2017,    1 828,23,32
Guinea-Bissau,2018,    1 874,24,32
Guinea-Bissau,2019,    1 921,24,33
Guinea-Bissau,2020,    1 968,24,33
Iceland,2000,      280,90,-
Iraq,2000,   23 498,50,28
Iraq,2001,   24 208,51,29
Iraq,2002,   24 932,51,30
Iraq,2003,   25 645,52,31
Iraq,2004,   26 314,52,32
Iraq,2005,   26 922,53,33
Iraq,2006,   27 448,53,34
Iraq,2007,   27 911,54,35
Iraq,2008,   28 386,54,36
Iraq,2009,   28 973,54,37
Iraq,2010,   29 742,55,38
Iraq,2011,   30 725,55,39
Iraq,2012,   31 890,56,40
Iraq,2013,   33 157,56,41
Iraq,2014,   34 412,57,42
Iraq,2015,   35 572,57,43
Iraq,2016,   36 611,58,44
Iraq,2017,   37 553,58,45
Iraq,2018,   38 434,59,46
Iraq,2019,   39 310,59,47
Iraq,2020,   40 223,60,48
Kazakhstan,2000,   14 923,63,-
Kazakhstan,2001,   14 910,63,-
Kazakhstan,2002,   14 976,65,-
Kiribati,2000,       84,10,5
Kiribati,2001,       86,10,5
Kiribati,2002,       87,10,5
Kiribati,2003,       89,10,5
Kiribati,2004,       90,11,5
Kiribati,2005,       92,11,6
Kiribati,2006,       94,11,6
Kiribati,2007,       97,11,6
Kiribati,2008,       99,11,6
Kiribati,2009,      101,12,6
Kiribati,2010,      103,12,6
Kiribati,2011,      105,12,6
Kiribati,2012,      106,13,6
Kiribati,2013,      108,13,6
Kiribati,2014,      109,13,6
Kiribati,2015,      111,13,6
Kiribati,2016,      113,14,6
Kiribati,2017,      114,14,6
Kiribati,2018,      116,14,7
Kiribati,2019,      118,14,7
Kiribati,2020,      119,15,7
Kyrgyzstan,2000,    4 921,46,63
Kyrgyzstan,2001,    4 963,46,63
Kyrgyzstan,2002,    4 991,46,64
Kyrgyzstan,2003,    5 014,47,65
Kyrgyzstan,2004,    5 039,47,65
Kyrgyzstan,2005,    5 075,49,66
Kyrgyzstan,2006,    5 124,50,67
Kyrgyzstan,2007,    5 184,52,68
Kyrgyzstan,2008,    5 255,54,68
Kyrgyzstan,2009,    5 335,56,70
Kyrgyzstan,2010,    5 422,58,71
Kyrgyzstan,2011,    5 518,59,72
Kyrgyzstan,2012,    5 622,61,73
Kyrgyzstan,2013,    5 731,63,74
Kyrgyzstan,2014,    5 845,65,75
Kyrgyzstan,2015,    5 959,66,76
Kyrgyzstan,2016,    6 074,68,77
Kyrgyzstan,2017,    6 190,68,79
Kyrgyzstan,2018,    6 304,69,80
Kyrgyzstan,2019,    6 416,69,81
Kyrgyzstan,2020,    6 524,70,81
Lao People's Democratic Republic,2000,    5 324,5,6
Lao People's Democratic Republic,2001,    5 410,7,6
Lao People's Democratic Republic,2002,    5 493,9,6
Lao People's Democratic Republic,2003,    5 577,11,7
Lao People's Democratic Republic,2004,    5 662,11,7
Lao People's Democratic Republic,2005,    5 752,12,7
Lao People's Democratic Republic,2006,    5 846,12,8
Lao People's Democratic Republic,2007,    5 945,12,8
Lao People's Democratic Republic,2008,    6 047,13,8
Lao People's Democratic Republic,2009,    6 149,13,9
Lao People's Democratic Republic,2010,    6 249,14,9
Lao People's Democratic Republic,2011,    6 348,14,10
Lao People's Democratic Republic,2012,    6 445,15,10
Lao People's Democratic Republic,2013,    6 541,15,10
Lao People's Democratic Republic,2014,    6 640,15,11
Lao People's Democratic Republic,2015,    6 741,16,11
Lao People's Democratic Republic,2016,    6 846,16,11
Lao People's Democratic Republic,2017,    6 953,17,12
Lao People's Democratic Republic,2018,    7 061,17,12
Lao People's Democratic Republic,2019,    7 169,18,12
Lao People's Democratic Republic,2020,    7 276,18,12
Lebanon,2000,    3 843,44,-
Lebanon,2001,    3 991,44,-
Lebanon,2002,    4 182,45,-
Lebanon,2003,    4 388,45,-
Lebanon,2004,    4 569,45,-
Lebanon,2005,    4 699,45,-
Lebanon,2006,    4 760,45,-
Lebanon,2007,    4 767,46,-
Lebanon,2008,    4 765,46,-
Lebanon,2009,    4 813,46,-
Lebanon,2010,    4 953,46,-
Lebanon,2011,    5 202,46,-
Lebanon,2012,    5 538,46,-
Lebanon,2013,    5 913,47,-
Lebanon,2014,    6 261,47,-
Lebanon,2015,    6 533,47,-
Lebanon,2016,    6 714,47,-
Lebanon,2017,    6 819,47,-
Lebanon,2018,    6 859,48,-
Lebanon,2019,    6 856,48,-
Lebanon,2020,    6 825,48,-
Lesotho,2000,    2 033,9,45
Lesotho,2001,    2 036,10,45
Lesotho,2002,    2 030,11,45
Lesotho,2003,    2 018,12,45
Lesotho,2004,    2 006,12,45
Lesotho,2005,    1 996,13,45
Lesotho,2006,    1 990,14,45
Lesotho,2007,    1 987,15,45
Lesotho,2008,    1 987,16,45
Lesotho,2009,    1 990,17,46
Lesotho,2010,    1 996,18,46
Lesotho,2011,    2 004,19,46
Lesotho,2012,    2 015,20,46
Lesotho,2013,    2 029,21,46
Lesotho,2014,    2 043,22,46
Lesotho,2015,    2 059,23,46
Lesotho,2016,    2 075,25,46
Lesotho,2017,    2 092,26,46
Lesotho,2018,    2 108,27,46
Lesotho,2019,    2 125,28,46
Lesotho,2020,    2 142,29,47
Lithuania,2000,    3 502,67,-
Lithuania,2001,    3 474,68,-
Lithuania,2002,    3 445,68,-
Lithuania,2003,    3 414,68,-
Lithuania,2004,    3 381,70,-
Lithuania,2005,    3 344,72,-
Lithuania,2006,    3 303,74,-
Lithuania,2007,    3 259,76,-
Lithuania,2008,    3 213,79,-
Lithuania,2009,    3 167,81,-
Lithuania,2010,    3 124,83,-
Lithuania,2011,    3 083,85,-
Lithuania,2012,    3 046,87,-
Lithuania,2013,    3 009,89,-
Madagascar,2000,   15 767,7,6
Madagascar,2001,   16 261,7,7
Madagascar,2002,   16 765,8,7
Madagascar,2003,   17 279,9,7
Madagascar,2004,   17 803,9,7
Madagascar,2005,   18 337,10,7
Madagascar,2006,   18 880,11,7
Madagascar,2007,   19 434,11,7
Madagascar,2008,   19 996,12,8
Madagascar,2009,   20 569,13,8
Madagascar,2010,   21 152,14,8
Madagascar,2011,   21 744,15,8
Madagascar,2012,   22 347,15,8
Madagascar,2013,   22 961,16,8
Madagascar,2014,   23 590,17,9
Madagascar,2015,   24 234,17,9
Madagascar,2016,   24 894,18,9
Madagascar,2017,   25 571,19,9
Madagascar,2018,   26 262,19,9
Madagascar,2019,   26 969,20,9
Madagascar,2020,   27 691,21,9
Mexico,2000,   98 900,39,-
Mexico,2001,  100 298,40,-
Mexico,2002,  101 685,40,-
Mexico,2003,  103 081,40,-
Mexico,2004,  104 515,40,-
Mexico,2005,  106 005,40,-
Mexico,2006,  107 560,41,-
Mexico,2007,  109 171,41,-
Mexico,2008,  110 815,41,-
Mexico,2009,  112 464,41,-
Mexico,2010,  114 093,41,-
Mexico,2011,  115 695,42,-
Mexico,2012,  117 274,42,-
Mexico,2013,  118 827,42,-
Mexico,2014,  120 355,42,-
Mexico,2015,  121 858,42,-
Mexico,2016,  123 333,42,-
Mexico,2017,  124 777,43,-
Mexico,2018,  126 191,43,-
Mexico,2019,  127 576,43,-
Mexico,2020,  128 933,43,-
Mongolia,2000,    2 397,21,29
Mongolia,2001,    2 420,21,30
Mongolia,2002,    2 443,22,31
Mongolia,2003,    2 469,22,32
Mongolia,2004,    2 496,23,33
Mongolia,2005,    2 526,24,34
Mongolia,2006,    2 559,24,35
Mongolia,2007,    2 594,25,36
Mongolia,2008,    2 632,25,37
Mongolia,2009,    2 674,26,38
Mongolia,2010,    2 720,27,39
Mongolia,2011,    2 770,27,40
Mongolia,2012,    2 825,27,42
Mongolia,2013,    2 882,28,43
Mongolia,2014,    2 940,28,44
Mongolia,2015,    2 998,28,45
Mongolia,2016,    3 056,29,46
Mongolia,2017,    3 114,29,47
Mongolia,2018,    3 170,29,48
Mongolia,2019,    3 225,30,49
Mongolia,2020,    3 278,30,50
Montenegro,2006,      618,84,-
Montenegro,2007,      620,84,-
Montenegro,2008,      621,84,-
Montenegro,2009,      623,84,-
Montenegro,2010,      624,84,-
Montenegro,2011,      625,84,-
Morocco,2000,   28 794,54,31
Morocco,2001,   29 126,55,33
Morocco,2002,   29 455,56,35
Morocco,2003,   29 783,56,38
Morocco,2004,   30 115,57,40
Morocco,2005,   30 456,58,42
Morocco,2006,   30 805,59,44
Morocco,2007,   31 164,60,46
Morocco,2008,   31 537,61,48
Morocco,2009,   31 929,62,50
Morocco,2010,   32 343,64,53
Morocco,2011,   32 782,66,55
Morocco,2012,   33 242,67,57
Morocco,2013,   33 716,69,59
Morocco,2014,   34 192,71,61
Morocco,2015,   34 664,72,63
Morocco,2016,   35 126,74,65
Morocco,2017,   35 581,75,68
Morocco,2018,   36 029,77,70
Morocco,2019,   36 472,78,72
Morocco,2020,   36 911,80,74
Myanmar,2000,   46 720,27,38
Myanmar,2001,   47 225,29,39
Myanmar,2002,   47 702,30,39
Myanmar,2003,   48 149,32,40
Myanmar,2004,   48 564,33,41
Myanmar,2005,   48 950,35,42
Myanmar,2006,   49 301,37,42
Myanmar,2007,   49 621,38,43
Myanmar,2008,   49 930,40,44
Myanmar,2009,   50 250,42,44
Myanmar,2010,   50 601,44,45
Myanmar,2011,   50 991,45,46
Myanmar,2012,   51 414,47,46
Myanmar,2013,   51 852,48,47
Myanmar,2014,   52 281,50,48
Myanmar,2015,   52 681,51,49
Myanmar,2016,   53 045,53,49
Myanmar,2017,   53 383,54,50
Myanmar,2018,   53 708,56,51
Myanmar,2019,   54 045,58,51
Myanmar,2020,   54 410,59,52
Nepal,2000,   23 941,27,25
Nepal,2001,   24 347,27,25
Nepal,2002,   24 726,27,26
Nepal,2003,   25 081,28,26
Nepal,2004,   25 419,28,26
Nepal,2005,   25 745,28,26
Nepal,2006,   26 067,28,27
Nepal,2007,   26 383,29,27
Nepal,2008,   26 667,29,27
Nepal,2009,   26 884,29,27
Nepal,2010,   27 013,29,28
Nepal,2011,   27 041,30,28
Nepal,2012,   26 989,30,28
Nepal,2013,   26 917,28,27
Nepal,2014,   26 906,27,25
Nepal,2015,   27 015,25,24
Nepal,2016,   27 263,24,22
Nepal,2017,   27 633,22,21
Nepal,2018,   28 096,21,19
Nepal,2019,   28 609,19,17
Nepal,2020,   29 137,18,16
New Zealand,2000,    3 859,82,-
New Zealand,2001,    3 908,82,-
New Zealand,2002,    3 963,82,-
New Zealand,2003,    4 022,82,-
New Zealand,2004,    4 080,82,-
New Zealand,2005,    4 135,82,-
New Zealand,2006,    4 186,84,-
New Zealand,2007,    4 233,85,-
New Zealand,2008,    4 278,86,-
New Zealand,2009,    4 323,88,-
New Zealand,2010,    4 370,89,-
Nicaragua,2000,    5 069,48,26
Nicaragua,2001,    5 145,48,26
Nicaragua,2002,    5 219,48,26
Nicaragua,2003,    5 292,48,26
Nicaragua,2004,    5 365,48,26
Nicaragua,2005,    5 439,48,26
Nicaragua,2006,    5 514,48,26
Nicaragua,2007,    5 590,49,26
Nicaragua,2008,    5 667,50,28
Nicaragua,2009,    5 746,51,30
Nicaragua,2010,    5 824,52,32
Nicaragua,2011,    5 903,53,34
Nicaragua,2012,    5 983,54,36
Nicaragua,2013,    6 062,55,38
Nicaragua,2014,    6 143,55,40
Nicaragua,2015,    6 223,55,42
Nicaragua,2016,    6 304,55,44
Nicaragua,2017,    6 385,55,46
Nicaragua,2018,    6 466,55,48
Nicaragua,2019,    6 546,55,50
Nicaragua,2020,    6 625,56,52
Nigeria,2000,  122 284,14,12
Nigeria,2001,  125 394,14,13
Nigeria,2002,  128 596,15,13
Nigeria,2003,  131 901,15,14
Nigeria,2004,  135 320,15,14
Nigeria,2005,  138 865,16,15
Nigeria,2006,  142 538,16,15
Nigeria,2007,  146 340,17,16
Nigeria,2008,  150 270,17,16
Nigeria,2009,  154 325,18,17
Nigeria,2010,  158 503,18,18
Nigeria,2011,  162 805,18,18
Nigeria,2012,  167 229,19,19
Nigeria,2013,  171 766,19,19
Nigeria,2014,  176 405,19,20
Nigeria,2015,  181 137,20,20
Nigeria,2016,  185 960,20,21
Nigeria,2017,  190 873,21,21
Nigeria,2018,  195 875,21,22
Nigeria,2019,  200 964,21,22
Nigeria,2020,  206 140,22,23
North Macedonia,2014,    2 078,80,78
North Macedonia,2015,    2 079,80,75
North Macedonia,2016,    2 081,79,72
North Macedonia,2017,    2 082,78,69
North Macedonia,2018,    2 083,77,66
North Macedonia,2019,    2 083,77,66
North Macedonia,2020,    2 083,77,66
Pakistan,2000,  142 344,37,31
Pakistan,2001,  145 978,38,31
Pakistan,2002,  149 550,38,32
Pakistan,2003,  153 093,38,32
Pakistan,2004,  156 665,38,32
Pakistan,2005,  160 304,38,32
Pakistan,2006,  164 023,38,32
Pakistan,2007,  167 808,37,32
Pakistan,2008,  171 649,37,32
Pakistan,2009,  175 526,37,32
Pakistan,2010,  179 425,37,32
Pakistan,2011,  183 340,37,32
Pakistan,2012,  187 280,37,33
Pakistan,2013,  191 261,37,33
Pakistan,2014,  195 305,36,33
Pakistan,2015,  199 427,36,33
Pakistan,2016,  203 631,36,33
Pakistan,2017,  207 906,36,33
Pakistan,2018,  212 228,36,33
Pakistan,2019,  216 565,36,33
Pakistan,2020,  220 892,36,33
Paraguay,2000,    5 323,50,27
Paraguay,2001,    5 428,51,28
Paraguay,2002,    5 532,52,30
Paraguay,2003,    5 633,52,31
Paraguay,2004,    5 731,53,33
Paraguay,2005,    5 824,54,34
Paraguay,2006,    5 913,55,35
Paraguay,2007,    5 998,56,37
Paraguay,2008,    6 081,57,38
Paraguay,2009,    6 164,57,39
Paraguay,2010,    6 248,58,41
Paraguay,2011,    6 334,59,42
Paraguay,2012,    6 422,60,44
Paraguay,2013,    6 510,61,45
Paraguay,2014,    6 600,61,46
Paraguay,2015,    6 689,62,48
Paraguay,2016,    6 778,63,49
Paraguay,2017,    6 867,64,50
Paraguay,2018,    6 956,64,51
Paraguay,2019,    7 045,64,51
Paraguay,2020,    7 133,64,51
Peru,2000,   26 460,45,14
Peru,2001,   26 799,45,14
Peru,2002,   27 101,46,15
Peru,2003,   27 372,46,15
Peru,2004,   27 624,47,16
Peru,2005,   27 866,47,16
Peru,2006,   28 102,47,16
Peru,2007,   28 333,48,17
Peru,2008,   28 562,48,17
Peru,2009,   28 793,48,18
Peru,2010,   29 028,49,18
Peru,2011,   29 264,49,18
Peru,2012,   29 507,49,19
Peru,2013,   29 774,49,19
Peru,2014,   30 090,50,20
Peru,2015,   30 471,50,20
Peru,2016,   30 926,50,20
Peru,2017,   31 444,50,21
Peru,2018,   31 989,51,21
Peru,2019,   32 510,51,22
Peru,2020,   32 972,51,22
Philippines,2000,   77 992,36,30
Philippines,2001,   79 673,36,30
Philippines,2002,   81 365,38,31
Philippines,2003,   83 052,41,31
Philippines,2004,   84 711,43,31
Philippines,2005,   86 326,44,31
Philippines,2006,   87 889,45,32
Philippines,2007,   89 405,45,32
Philippines,2008,   90 902,45,32
Philippines,2009,   92 414,45,32
Philippines,2010,   93 967,45,32
Philippines,2011,   95 570,45,33
Philippines,2012,   97 213,46,33
Philippines,2013,   98 872,46,33
Philippines,2014,  100 513,46,33
Philippines,2015,  102 113,46,33
Philippines,2016,  103 664,47,34
Philippines,2017,  105 173,47,34
Philippines,2018,  106 651,47,34
Philippines,2019,  108 117,47,34
Philippines,2020,  109 581,47,35
Republic of Moldova,2000,    4 203,40,-
Republic of Moldova,2001,    4 187,42,-
Republic of Moldova,2002,    4 178,44,-
Republic of Moldova,2003,    4 173,46,-
Republic of Moldova,2004,    4 168,48,-
Republic of Moldova,2005,    4 159,50,-
Republic of Moldova,2006,    4 146,53,-
Republic of Moldova,2007,    4 130,55,-
Republic of Moldova,2008,    4 113,57,-
Republic of Moldova,2009,    4 098,60,-
Republic of Moldova,2010,    4 086,62,-
Republic of Moldova,2011,    4 079,65,-
Republic of Moldova,2012,    4 076,67,-
Republic of Moldova,2013,    4 075,70,-
Republic of Moldova,2014,    4 073,72,-
Republic of Moldova,2015,    4 071,72,-
Republic of Moldova,2016,    4 066,73,-
Republic of Moldova,2017,    4 060,73,-
Republic of Moldova,2018,    4 052,73,-
Republic of Moldova,2019,    4 043,74,-
Republic of Moldova,2020,    4 034,74,-
Rwanda,2000,    7 934,4,26
Rwanda,2001,    8 231,5,26
Rwanda,2002,    8 427,5,27
Rwanda,2003,    8 557,5,27
Rwanda,2004,    8 681,6,27
Rwanda,2005,    8 840,6,28
Rwanda,2006,    9 043,7,28
Rwanda,2007,    9 274,7,28
Rwanda,2008,    9 525,7,29
Rwanda,2009,    9 783,8,29
Rwanda,2010,   10 039,8,30
Rwanda,2011,   10 293,9,30
Rwanda,2012,   10 550,9,30
Rwanda,2013,   10 812,9,31
Rwanda,2014,   11 084,10,31
Rwanda,2015,   11 369,10,32
Rwanda,2016,   11 669,11,32
Rwanda,2017,   11 981,11,32
Rwanda,2018,   12 302,12,33
Rwanda,2019,   12 627,12,33
Rwanda,2020,   12 952,12,33
Saint Helena,2002,        6,89,-
Saint Helena,2003,        6,89,-
Saint Helena,2004,        5,89,-
Saint Helena,2005,        5,89,-
Saint Helena,2006,        5,89,-
Saint Helena,2007,        5,89,-
Saint Helena,2008,        5,89,-
Saint Helena,2009,        5,89,-
Saint Helena,2010,        5,89,-
Saint Helena,2011,        5,89,-
Saint Helena,2012,        5,89,-
Saint Helena,2013,        6,89,-
Saint Helena,2014,        6,89,-
Saint Helena,2015,        6,89,-
Saint Helena,2016,        6,89,-
Saint Helena,2017,        6,89,-
Saint Helena,2018,        6,89,-
Saint Helena,2019,        6,89,-
Saint Helena,2020,        6,89,-
Samoa,2000,      174,45,-
Samoa,2001,      175,45,-
Samoa,2002,      176,45,-
Samoa,2003,      177,45,-
Samoa,2004,      179,45,-
Samoa,2005,      180,45,-
Samoa,2006,      181,45,-
Samoa,2007,      182,45,-
Samoa,2008,      183,45,-
Samoa,2009,      185,45,-
Samoa,2010,      186,45,-
Samoa,2011,      187,46,-
Samoa,2012,      189,46,-
Samoa,2013,      191,46,-
Samoa,2014,      192,46,-
Samoa,2015,      194,46,-
Samoa,2016,      195,46,-
Samoa,2017,      195,46,-
Samoa,2018,      196,46,-
Samoa,2019,      197,46,-
Samoa,2020,      198,46,-
Sao Tome and Principe,2000,      142,26,44
Sao Tome and Principe,2001,      145,26,45
Sao Tome and Principe,2002,      147,27,46
Sao Tome and Principe,2003,      150,27,46
Sao Tome and Principe,2004,      154,28,47
Sao Tome and Principe,2005,      157,28,48
Sao Tome and Principe,2006,      162,29,48
Sao Tome and Principe,2007,      166,29,49
Sao Tome and Principe,2008,      171,30,50
Sao Tome and Principe,2009,      176,31,51
Sao Tome and Principe,2010,      180,31,51
Sao Tome and Principe,2011,      185,32,52
Sao Tome and Principe,2012,      188,32,53
Sao Tome and Principe,2013,      192,33,53
Sao Tome and Principe,2014,      196,33,54
Sao Tome and Principe,2015,      199,34,55
Sao Tome and Principe,2016,      203,35,55
Sao Tome and Principe,2017,      207,35,56
Sao Tome and Principe,2018,      211,35,57
Sao Tome and Principe,2019,      215,36,58
Sao Tome and Principe,2020,      219,36,58
Serbia,2000,    9 488,74,66
Serbia,2001,    9 411,74,66
Serbia,2002,    9 346,74,66
Serbia,2003,    9 292,74,66
Serbia,2004,    9 243,75,66
Serbia,2005,    9 194,75,67
Serbia,2006,    9 146,75,67
Serbia,2007,    9 101,75,67
Serbia,2008,    9 060,75,67
Serbia,2009,    9 023,75,67
Serbia,2010,    8 991,75,67
Serbia,2011,    8 964,75,67
Serbia,2012,    8 940,75,67
Serbia,2013,    8 919,75,67
Serbia,2014,    8 898,75,67
Serbia,2015,    8 877,75,67
Serbia,2016,    8 854,75,67
Serbia,2017,    8 830,75,67
Serbia,2018,    8 803,75,67
Serbia,2019,    8 772,75,67
Serbia,2020,    8 737,75,67
Sierra Leone,2000,    4 585,5,5
Sierra Leone,2001,    4 754,5,5
Sierra Leone,2002,    4 966,5,5
Sierra Leone,2003,    5 201,5,5
Sierra Leone,2004,    5 434,6,5
Sierra Leone,2005,    5 646,6,6
Sierra Leone,2006,    5 829,6,6
Sierra Leone,2007,    5 990,6,6
Sierra Leone,2008,    6 134,7,6
Sierra Leone,2009,    6 273,7,7
Sierra Leone,2010,    6 416,7,7
Sierra Leone,2011,    6 563,8,7
Sierra Leone,2012,    6 713,8,7
Sierra Leone,2013,    6 864,8,8
Sierra Leone,2014,    7 017,9,8
Sierra Leone,2015,    7 172,9,8
Sierra Leone,2016,    7 329,9,8
Sierra Leone,2017,    7 488,10,9
Sierra Leone,2018,    7 650,10,9
Sierra Leone,2019,    7 813,10,9
Sierra Leone,2020,    7 977,11,9
Slovenia,2000,    1 988,80,-
Slovenia,2001,    1 987,80,-
Slovenia,2002,    1 987,80,-
Slovenia,2003,    1 988,81,-
Slovenia,2004,    1 990,83,-
Slovenia,2005,    1 995,84,-
Slovenia,2006,    2 002,85,-
Slovenia,2007,    2 012,86,-
Slovenia,2008,    2 023,87,-
Slovenia,2009,    2 034,89,-
Slovenia,2010,    2 043,90,-
State of Palestine,2000,    3 224,73,68
State of Palestine,2001,    3 310,73,68
State of Palestine,2002,    3 380,74,68
State of Palestine,2003,    3 442,74,69
State of Palestine,2004,    3 505,74,69
State of Palestine,2005,    3 578,75,70
State of Palestine,2006,    3 662,75,70
State of Palestine,2007,    3 756,75,70
State of Palestine,2008,    3 857,76,71
State of Palestine,2009,    3 958,76,71
State of Palestine,2010,    4 056,76,72
State of Palestine,2011,    4 150,77,72
State of Palestine,2012,    4 242,77,72
State of Palestine,2013,    4 334,77,73
State of Palestine,2014,    4 429,78,73
State of Palestine,2015,    4 529,78,74
State of Palestine,2016,    4 636,78,74
State of Palestine,2017,    4 747,79,74
State of Palestine,2018,    4 863,79,75
State of Palestine,2019,    4 981,79,75
State of Palestine,2020,    5 101,80,76
Suriname,2000,      471,52,30
Suriname,2001,      477,52,31
Suriname,2002,      482,52,31
Suriname,2003,      488,52,32
Suriname,2004,      494,53,32
Suriname,2005,      499,53,33
Suriname,2006,      505,53,33
Suriname,2007,      511,53,34
Suriname,2008,      517,53,35
Suriname,2009,      523,53,35
Suriname,2010,      529,54,36
Suriname,2011,      535,54,36
Suriname,2012,      541,54,37
Suriname,2013,      547,54,37
Suriname,2014,      553,54,38
Suriname,2015,      559,55,38
Suriname,2016,      565,55,39
Suriname,2017,      571,55,39
Suriname,2018,      576,55,40
Suriname,2019,      581,56,40
Suriname,2020,      587,56,41
Tajikistan,2000,    6 216,36,-
Tajikistan,2001,    6 319,37,-
Tajikistan,2002,    6 427,38,-
Tajikistan,2003,    6 542,39,-
Tajikistan,2004,    6 662,40,-
Tajikistan,2005,    6 789,41,-
Tajikistan,2006,    6 923,43,-
Tajikistan,2007,    7 063,44,-
Tajikistan,2008,    7 210,45,-
Tajikistan,2009,    7 365,46,-
Tajikistan,2010,    7 527,47,-
Tajikistan,2011,    7 698,49,-
Tajikistan,2012,    7 875,49,-
Tajikistan,2013,    8 060,50,-
Tajikistan,2014,    8 253,51,-
Tajikistan,2015,    8 454,52,-
Tajikistan,2016,    8 664,53,-
Tajikistan,2017,    8 880,54,-
Tajikistan,2018,    9 101,54,-
Tajikistan,2019,    9 321,55,-
Tajikistan,2020,    9 538,55,-
Togo,2000,    4 924,10,10
Togo,2001,    5 063,10,11
Togo,2002,    5 197,11,11
Togo,2003,    5 331,11,11
Togo,2004,    5 468,12,12
Togo,2005,    5 612,12,12
Togo,2006,    5 763,13,13
Togo,2007,    5 920,13,13
Togo,2008,    6 083,14,14
Togo,2009,    6 251,14,14
Togo,2010,    6 422,14,15
Togo,2011,    6 596,15,15
Togo,2012,    6 774,16,15
Togo,2013,    6 955,16,16
Togo,2014,    7 138,17,16
Togo,2015,    7 323,17,17
Togo,2016,    7 510,18,17
Togo,2017,    7 698,18,18
Togo,2018,    7 889,19,18
Togo,2019,    8 082,19,18
Togo,2020,    8 279,20,18
Tonga,2000,       98,29,23
Tonga,2001,       98,29,23
Tonga,2002,       99,29,23
Tonga,2003,      100,29,23
Tonga,2004,      100,29,23
Tonga,2005,      101,29,23
Tonga,2006,      102,29,23
Tonga,2007,      103,29,23
Tonga,2008,      103,29,23
Tonga,2009,      104,29,23
Tonga,2010,      104,29,23
Tonga,2011,      104,29,23
Tonga,2012,      103,29,23
Tonga,2013,      102,29,23
Tonga,2014,      101,29,23
Tonga,2015,      101,29,23
Tonga,2016,      101,29,23
Tonga,2017,      102,29,23
Tonga,2018,      103,29,23
Tonga,2019,      104,29,23
Tonga,2020,      106,30,23
Tunisia,2000,    9 708,73,57
Tunisia,2001,    9 794,74,58
Tunisia,2002,    9 871,74,58
Tunisia,2003,    9 945,74,59
Tunisia,2004,   10 022,75,60
Tunisia,2005,   10 107,75,60
Tunisia,2006,   10 201,75,61
Tunisia,2007,   10 305,76,61
Tunisia,2008,   10 414,76,62
Tunisia,2009,   10 526,76,62
Tunisia,2010,   10 635,77,63
Tunisia,2011,   10 742,77,64
Tunisia,2012,   10 847,77,64
Tunisia,2013,   10 953,77,65
Tunisia,2014,   11 063,78,65
Tunisia,2015,   11 180,78,66
Tunisia,2016,   11 304,78,66
Tunisia,2017,   11 433,79,67
Tunisia,2018,   11 565,79,68
Tunisia,2019,   11 695,79,68
Tunisia,2020,   11 819,79,69
Turkmenistan,2000,    4 516,67,51
Turkmenistan,2001,    4 564,68,53
Turkmenistan,2002,    4 610,69,55
Turkmenistan,2003,    4 656,70,57
Turkmenistan,2004,    4 703,71,59
Turkmenistan,2005,    4 755,73,61
Turkmenistan,2006,    4 810,75,63
Turkmenistan,2007,    4 870,77,66
Turkmenistan,2008,    4 936,78,68
Turkmenistan,2009,    5 008,80,70
Turkmenistan,2010,    5 087,82,73
Turkmenistan,2011,    5 174,84,75
Turkmenistan,2012,    5 268,85,78
Turkmenistan,2013,    5 366,87,80
Turkmenistan,2014,    5 466,89,82
Uganda,2000,   23 650,2,19
Uganda,2001,   24 389,3,20
Uganda,2002,   25 167,3,20
Uganda,2003,   25 981,4,21
Uganda,2004,   26 821,4,21
Uganda,2005,   27 685,5,22
Uganda,2006,   28 571,6,22
Uganda,2007,   29 486,6,22
Uganda,2008,   30 432,7,23
Uganda,2009,   31 411,8,23
Uganda,2010,   32 428,8,24
Uganda,2011,   33 477,9,24
Uganda,2012,   34 559,10,25
Uganda,2013,   35 695,11,28
Uganda,2014,   36 912,11,31
Uganda,2015,   38 225,12,34
Uganda,2016,   39 649,13,38
Uganda,2017,   41 167,14,41
Uganda,2018,   42 729,15,45
Uganda,2019,   44 270,16,48
Uganda,2020,   45 741,17,52
Uzbekistan,2000,   24 770,56,82
Uzbekistan,2001,   25 109,56,83
Uzbekistan,2002,   25 431,57,83
Uzbekistan,2003,   25 749,57,84
Uzbekistan,2004,   26 078,57,84
Uzbekistan,2005,   26 428,57,84
Uzbekistan,2006,   26 804,57,85
Uzbekistan,2007,   27 205,57,85
Uzbekistan,2008,   27 627,58,86
Uzbekistan,2009,   28 065,58,86
Uzbekistan,2010,   28 516,58,87
Uzbekistan,2011,   28 977,59,87
Wallis and Futuna Islands,2000,       15,59,59
Wallis and Futuna Islands,2001,       15,59,59
Wallis and Futuna Islands,2002,       15,59,59
Wallis and Futuna Islands,2003,       15,59,59
Wallis and Futuna Islands,2004,       15,59,59
Wallis and Futuna Islands,2005,       15,59,59
Wallis and Futuna Islands,2006,       15,59,59
Wallis and Futuna Islands,2007,       14,59,59
Wallis and Futuna Islands,2008,       14,59,59
Wallis and Futuna Islands,2009,       13,59,59
Wallis and Futuna Islands,2010,       13,59,59
Wallis and Futuna Islands,2011,       12,59,59
Wallis and Futuna Islands,2012,       12,59,59
Wallis and Futuna Islands,2013,       12,59,59
Wallis and Futuna Islands,2014,       12,59,59
Wallis and Futuna Islands,2015,       12,59,59
Wallis and Futuna Islands,2016,       12,59,59
Wallis and Futuna Islands,2017,       12,59,59
Wallis and Futuna Islands,2018,       12,59,59
Wallis and Futuna Islands,2019,       11,59,59
Wallis and Futuna Islands,2020,       11,59,59
Zimbabwe,2000,   11 881,33,29
Zimbabwe,2001,   11 924,33,29
Zimbabwe,2002,   11 954,33,29
Zimbabwe,2003,   11 982,33,29
Zimbabwe,2004,   12 020,33,29
Zimbabwe,2005,   12 077,33,29
Zimbabwe,2006,   12 155,33,29
Zimbabwe,2007,   12 256,32,29
Zimbabwe,2008,   12 380,32,29
Zimbabwe,2009,   12 527,32,28
Zimbabwe,2010,   12 698,32,28
Zimbabwe,2011,   12 894,31,28
Zimbabwe,2012,   13 115,31,28
Zimbabwe,2013,   13 350,31,28
Zimbabwe,2014,   13 587,31,28
Zimbabwe,2015,   13 815,30,28
Zimbabwe,2016,   14 030,30,28
Zimbabwe,2017,   14 237,30,28
Zimbabwe,2018,   14 439,30,28
Zimbabwe,2019,   14 645,30,28
Zimbabwe,2020,   14 863,30,28